imgPath,name,title,description
member-1.png,USHA SHRIMANKER,CEO / Chief Clinical and Quality Officer,"Usha Shrimanker is a seasoned entrepreneur and a regulatory affairs expert with over 20 years of experience in the Medical Device and Biotech Industries. She founded Antrix with the vision of providing top-notch consulting services and products to companies in need of regulatory affairs and quality assurance guidance.
Usha is detail – oriented, responsible, self-motivated, flexible, dedicated, efficient, reliable, creative individual. Strong organizational; communication skills and ability to work independently without supervision and team player. Ms. Usha has ability to lead the organizational team to successfully manage the complete project. Excellent problem determination and solving skills, Worked on variety of medical device and drug product design, development, testing, process validation and launch.
Ms. Usha has extensively worked on clinical trials with Oratech, MDS Pharma. At Vibrant and IVD company she setup ISO 13485, CLIA and CAP. She got successful certification for ISO 13485, CLIA and CAP. QMS. She helped analyze and did statistical analysis of many clinical trials conducted by the MDS Pharma used by its customers as CRO. Performed review and analysis on every aspect of the medical device and drugs manufacturing process before approval and launch helping companies deliver robust products. Helped launch successfully commercial products adhering to FDA and ISO 13485 regulations"

member-7.png,MURIELLE MEUNIER,Senior RA/QA Director,"Senior Quality and Regulatory affairs specialist in the Medical Device industry. With over 10 years experience in quality, regulatory affairs and lately on Artificial Intelligence, Murielle will strive towards perfection. She has worked intensively on a range of medical device and IVD classes, including medical device software. She has successfully brought multiple enterprises in compliance with EU MDR and IVDR.
Ms. Murielle has worked on migration of LDT test to IVD Assay complying to ISO 13485, MDSAP, and IVDR regulations.Ms. Murielle has helped IVD companies in implementing ISO 13485, ISO 62304, ISO 27001, and ISO 42001 quality management system. Murielle has worked on product lifecycle implementation for Genetic Testing products consisting of microarrays, reagents, instruments, and software. The Genetic Testing products include IVD, prenatal, postnatal testing, and cancer testing. Ms. Murielle has successfully hosted several ISO 13485 and ISO 27001 audits, and responded to the findings. Ms. Murielle spearheaded the validation of genetic testing systems, encompassing both the assays and the software that drives them. The meticulous approach ensured compliance with ISO 13848, FDA 820, MDSAP and IVD regulatory requirements and delivered user-friendly solutions for accurate genetic testing. This included ISO 14971 for medical devices to identify and mitigate potential failures within assays, Usability Engineering and ISO 62366 Compliance:"
member-3.png,HELEN TEICHMAN,Chief Pharmaceutical Associate,"Helen Teichman offers the Pharmaceutical and allied industries her practical experience, technical knowledge, and powerful leadership skills to help them develop global strategies and implement tactical solutions in an environment of rapid change. She specializes in electronic document management and the eCTD.
Helen has worked as a regulatory affair professional for 20 years. She spent many years with the Johnson & Johnson family of companies at which she held senior management positions in Canada, the U.S and Europe.
?Helen was posted at the Janssen Research Foundation in Beerse, Belgium as Senior Director, International Regulatory Affairs & Global Operations. At Janssen, Helen was the enterprise-wide business leader for the implementation of document management technology and processes. This activity spanned two sites, U.S. and Europe, as well as the integration of operating company activities.
After Johnson & Johnson, Helen, joined a Washington-based management consulting firm as Vice President, Pharmaceutical. There she specialized in strategic and process-related consulting for the pharmaceutical industry. Helen has carried out numerous assignments in these areas at all scales- from promising start-up companies to established multi-national enterprises"
member-4.png,RUPA SHAH,Senior Clinical Trial Scientist,"Rupa shah is a clinical trial manager responsible for creating and implementing study-specific clinical monitoring tools and documents. Creating and overseeing the trial budget. Identifying, enlisting, and choosing sites, and coordinating site management activities. Coordinating and supervising clinical monitoring team.
Rupa ensures clear and accurate documentation of Clinical Plan, Protocol, and Reports. She recommends the study sample size, demographics, and manages the follow up activities.
Rupa Selects Clinical consultants and Clinical Research Organizations (CROs) and manage their contracts.
She Recruits, hires, trains, manages Clinical staff and their career development (Future)
Prepares and tracks Clinical budget.
Allocates resources and budgets to various department projects and oversee their progress"
member-5.png,Bill Kurani,"SVP RA/QA/CA Expert Guru, Advisor and Trainer","Bill has extensive experience in regulatory affairs, clinical affairs, and quality assurance of medical devices. Bill skilled in securing GLOBAL, FDA, EU IVDR, MDR, CLIA, CAP, NYSDOH AABB and local regulatory clearances on time allowing companies to market Medical Devices, IVD, LDT, Digital Health Applications such as Software as Medical Device, software containing AI, ML, and NPL, mobile medical app rapidly and generate revenues.
Bill has an excellent background in product design, development, clinical trials, verification, validation, process validation & launch. He has performed hazard and risk analysis of the product and manufacturing process helping companies deliver safe and effective products. Bill has set up manufacturing facilities, CLIA CAP labs and implemented the establishment, maintenance and performance of the company’s quality system based on ISO 13485, FDA QSR, ISO 9001, 210, ISO27001, MDSAP, IVDR, MDR, CAPA’s, and hosted several FDA unannounced inspections."
member-6.png,Murray Teichman,Business Associate and Marketing Communication,"Murray is a business development professional with a passion for helping companies grow. He is responsible for developing and maintaining relationships with Antrix's clients, ensuring that their needs are met and exceeded.
As part of product design and development Murray also provides clients input develop a network of contacts to attract new customers, research new market opportunities and oversee growth projects, making sales projections and forecasting revenue, in line with projected income.
Mr. Teichman specializes in marketing communications and graphic design. Mr. Murray is responsible for managing and maintaining the FrontEnd DocTemplates and eCTDirect Tools, Templates and Procedures including training people on how to use them."
member-8.JPG,NEHA PAREKH,QA Data Analyst Manager,"In the dynamic world of medical device manufacturing, Ms. Neha thrived as a QA Data Analyst, ensuring the integrity and accuracy of quality data that forms the backbone of  Quality Management System (QMS). This includes
Data Collection, Analysis, and Reporting: Ms. Neha played a crucial role in collecting, analyzing, and interpreting quality data from various sources, including inspections, audits, complaints, and non-conformance reports. Leveraging statistical tools and data visualization techniques, Identified trends and patterns that could indicate potential quality issues. After this translated these insights into comprehensive reports, effectively communicating them to stakeholders for informed decision-making.
Maintaining QMS Compliance: Maintaining compliance with ISO 13485, FDA QSR, MDSAP, and IVDR regulations was paramount. Neha actively participated in developing and implementing data management procedures that aligned with these regulatory requirements. This ensured the accuracy, traceability, and auditability of all quality data.:
Document Creation, Review, and Approval: Neha spearheaded the creation, review, and approval of all quality-related documents, including design controls, procedures, specifications, and risk management plans. This involved ensuring adherence to internal company standards and relevant regulatory requirements like ISO 13485, FDA QSR, MDSAP, IVDR, and ISO 42001.
Document Control System Management: Neha managed our document control system, ensuring its efficiency and effectiveness. This involved activities like document classification, version control, and distribution. Also implemented robust procedures for handling obsolete documents and change control processes for document updates."
