﻿PartNumber,Name,imgPath,Description,Header,List,Footer
PRD-MDQMS,Medical Device QMS Deployment Product,product-2.png,"The product contains QMS Procedures, Work Instructions and Forms complying to ISO 13485, US FDA CFR Part 820, MDSAP, EU IVDR 746/2017 for IVD companies. We also have products complying with ISO 15189, CLIA, CAP and NYSDOH requirements.

The QMS portion of the product consists of list of the following applicable procedures and forms
","The product contains QMS Procedures, Work Instructions and Forms complying to ISO 13485, US FDA CFR Part 820, MDSAP, EU IVDR 746/2017 for IVD companies. We also have products complying with ISO 15189, CLIA, CAP and NYSDOH requirements.
<br/>
<strong>The QMS portion of the product consists of list of the following applicable procedures and forms</strong>","Quality Manual;
Document Control;
Control of Records;
Management Review;
Training and Qualification;
Equipment Installation and Qualification;
Reagent Qualification;
Risk Management;
Sales Orders;
Design and Development;
Device Master Record;
Purchasing and Supplier Controls;
Purchased Product Approval;
Device History Record;
Identification and Traceability;
Product Labeling;
Control of Monitoring and Measuring Devices;
Complaint Handling;
Quality Audits;
Control of Nonconforming Product;
Deviation;
Measurement and Analysis;
Corrective and Preventive Action;
Conduct for FDA Audits;
Conducting Recalls - US FDA;
Advisory Notices, Recalls, and Vigilance;
Medical Device Reporting;
Post Market Surveillance;
QSP 9.1-6 Safety Program;
Quality System Procedure Forms consists of the following;
Quality Records Log;
Change Request and Order;
IT Weekly Backup Log;
Management Review Meeting Minutes and Action List;
Orientation Training;
Training Record by Topic;
Employee Signature Log;
Competency Assessment;
Job Description;
Equipment Qualification Protocol;
Equipment IQ OQ PQ Report;
Supplier Evaluation;
Supplier Questionnaire;
Supplier Audit Plan;
Supplier Audit Report;
Supplier Approval Report;
Approved Supplier List;
Supplier Status Change Form;
Supplier Quality Agreement;
Inspection of Product Test;
Complaint Form;
MDR Determination Sheet;
Nonconformance Report;
Deviation Report;
Corrective and Preventive Action;
Accident, Injury, and Incident Report;
Weekly Hazardous Waste Inspection Log;
Quarterly Safety Inspection Checklist;
Safety Shower & Eyewash Inspection Log;
HBV Form;
Health Hazard Evaluation;
Product Recall Worksheet;
Annual Post Market Tracking Schedule and Log"
PRD-FDAIVD,LDT to FDA IVD Assay Migration Product,product-1.png,"The product contains product life cycle deliverables and regulatory submission documents.
The product has procedures, work instructions, and forms to comply to five stages FDA LDT regulations:
","
    <p>The product contains product life cycle deliverables and regulatory submission documents.</p>
    <p>The product has procedures, work instructions, and forms to comply with the five stages of FDA LDT regulations:</p>
    <ol>
        <li><strong>Stage 1:</strong> beginning 1 year after the publication date of this final rule, FDA will expect compliance with MDR requirements, correction and removal reporting requirements, and QS requirements under § 820.198 (21 CFR 820.198) (complaint files);</li>
        <li><strong>Stage 2:</strong> beginning 2 years after the publication date of this final rule, FDA will expect compliance with requirements not covered during other stages of the phaseout policy, including registration and listing requirements, labeling requirements, and investigational use requirements;</li>
        <li><strong>Stage 3:</strong> beginning 3 years after the publication date of this final rule, FDA will expect compliance with QS requirements under part 820 (21 CFR part 820) (other than requirements under § 820.198 (complaint files), which are already addressed in stage 1);</li>
        <li><strong>Stage 4:</strong> beginning 3½ years after the publication date of this final rule, FDA will expect compliance with premarket review requirements for high-risk IVDs offered as LDTs (IVDs that may be classified into class III or that are subject to licensure under section 351 of the Public Health Service Act), unless a premarket submission has been received by the beginning of this stage in which case FDA intends to continue to exercise enforcement discretion for the pendency of its review</li>
        <li><strong>Stage 5:</strong> beginning 4 years after the publication date of this final rule, FDA will expect compliance with premarket review requirements for moderate-risk and low-risk IVDs offered as LDTs (that require premarket submissions), unless a premarket submission has been received by the beginning of this stage in which case FDA intends to continue to exercise enforcement discretion for the pendency of its review</li>
    </ol>
    <strong>The FDA Regulatory Submission documentation consists of the following</strong>","FDA Regulatory Strategy Plan;
FDA Pre-Submission;
FDA Breakthrough Device Designation;
Analytical Study;
Clinical Study;
510(k) Documentation;
PMA Documentation;
FDA Establishment Registration;
FDA Product Registrations;
FDA Inspection Preparation
","<strong>The Product Life Cycle portion of the product consists of the following applicable deliverable documents:</strong>
    <ol>
        <li>Voice of Customer</li>
        <li>Business Case</li>
        <li>Key Performance Indicators</li>
        <li>Technology and Intellectual Property Plan</li>
        <li>Customer and Product Requirements</li>
        <li>Design Development Plan</li>
        <li>Alpha/Beta/Early Access Test Plan</li>
        <li>Alpha/Beta/Early Access Test Protocol</li>
        <li>Alpha/Beta/Early Access Test Report</li>
        <li>Design Transfer Plan</li>
        <li>Regulatory Plan</li>
        <li>Risk Management Plan</li>
        <li>Risk FMEA</li>
        <li>Risk Assessment Record</li>
        <li>Risk Management Report</li>
        <li>Design Review Form</li>
        <li>Design Review Report</li>
        <li>Design Verification Plan</li>
        <li>Design Verification Protocol</li>
        <li>Design Verification Report</li>
        <li>Design Validation Plan</li>
        <li>Design Validation Protocol</li>
        <li>Design Validation Report</li>
        <li>Input Output Traceability Matrix</li>
        <li>Analytical Performance Study Plan and Protocol</li>
        <li>Analytical Performance Study Report</li>
        <li>Clinical Performance Study Plan and Protocol</li>
        <li>Clinical Performance Study Report</li>
        <li>Literature Search and Selection Protocol</li>
        <li>Scientific Validity Report</li>
        <li>Performance Evaluation Plan</li>
        <li>Performance Evaluation Report</li>
        <li>Stability Study Plan and Protocol</li>
        <li>Stability Study Report</li>
        <li>Shipping Study Report</li>
        <li>Manufacturing Process Validation Plan</li>
        <li>Manufacturing Process Validation Protocol</li>
        <li>Manufacturing Process Validation Report</li>
        <li>Services and Support Plan</li>
        <li>Instructions for Use</li>
        <li>Post-Market Performance Follow-Up Plan</li>
        <li>Post-Market Performance Follow-Up Report</li>
        <li>Post-Market Surveillance Plan</li>
        <li>Post-Market Surveillance Report / Periodic Safety Update Report</li>
        <li>Software Development Plan</li>
        <li>Software Architecture Description</li>
        <li>Software Classification Worksheet</li>
        <li>Software Design Transfer Template</li>
        <li>Software Detailed Functional Design</li>
        <li>Software Detailed Technical Design</li>
        <li>Software Verification Plan</li>
        <li>Software Verification Protocol</li>
        <li>Software Verification Report</li>
        <li>Software Validation Plan</li>
        <li>Software Validation Protocol</li>
        <li>Software Validation Report</li>
        <li>Software Release Checklist</li>
        <li>Software Release Notes</li>
        <li>Device Master Record</li>
        <li>DHF and Medical Device File Index</li>
    </ol>"
PRD-EUIVDR,"LDT to EU IVDR Assay Migration Product","product-3.png","The product contains product life cycle deliverables and regulatory submission documents.
In EU IVDR doesn’t apply to LDT devices manufactured and used only within EU Health Institutions provided they comply with the following requirements
Annex I GSPR of IVDR are met
","The product contains product life cycle deliverables and regulatory submission documents.
    In EU, IVDR doesn’t apply to LDT devices manufactured and used only within EU Health Institutions provided they comply with the following requirements:
    <ol>
        <li>Annex I GSPR of IVDR are met</li>
        <li>LDT devices are manufactured and used ONLY within EU Health Institutions</li>
        <li>LDT devices are not transferred to other legal entities</li>
        <li>Health Institution complies with ISO 15189</li>
        <li>There is no commercial IVDR product available</li>
        <li>LDT are not made on an industrial scale</li>
        <li>Commercial Labs are not allowed to sell the LDT services</li>
    </ol>
    To commercially sell the IVDR products, the company must comply with EU IVDR 2017/746 regulations and requires the following documentation <br/>
    <strong>The EU Regulatory Submission documentation consists of the following:</strong>","EU IVDR Regulatory Strategy and Plan;
EU IVDR Declaration of Conformity;
UK IVD Declaration of Conformity;
GSPR (General Safety & Performance) Checklist;
Analytical Study;
Clinical Study;
Summary of Safety and Performance;
Summary Technical Documentation (STED);
EU Establishment Registration in EUDAMED;
EU Product Registration in EUDAMED"," <strong>The Product Life Cycle portion of the product consists of the following applicable documents:</strong>
    <ol>
        <li>Voice of Customer</li>
        <li>Business Case</li>
        <li>Key Performance Indicators</li>
        <li>Technology and Intellectual Property Plan</li>
        <li>Customer and Product Requirements</li>
        <li>Design Development Plan</li>
        <li>Alpha/Beta/Early Access Test Plan</li>
        <li>Alpha/Beta/Early Access Test Protocol</li>
        <li>Alpha/Beta/Early Access Test Report</li>
        <li>Design Transfer Plan</li>
        <li>Regulatory Plan</li>
        <li>Risk Management Plan</li>
        <li>Risk FMEA</li>
        <li>Risk Assessment Record</li>
        <li>Risk Management Report</li>
        <li>Design Review Form</li>
        <li>Design Review Report</li>
        <li>Design Verification Plan</li>
        <li>Design Verification Protocol</li>
        <li>Design Verification Report</li>
        <li>Design Validation Plan</li>
        <li>Design Validation Protocol</li>
        <li>Design Validation Report</li>
        <li>Input Output Traceability Matrix</li>
        <li>Analytical Performance Study Plan and Protocol</li>
        <li>Analytical Performance Study Report</li>
        <li>Clinical Performance Study Plan and Protocol</li>
        <li>Clinical Performance Study Report</li>
        <li>Literature Search and Selection Protocol</li>
        <li>Scientific Validity Report</li>
        <li>Performance Evaluation Plan</li>
        <li>Performance Evaluation Report</li>
        <li>Stability Study Plan and Protocol</li>
        <li>Stability Study Report</li>
        <li>Shipping Study Report</li>
        <li>Manufacturing Process Validation Plan</li>
        <li>Manufacturing Process Validation Protocol</li>
        <li>Manufacturing Process Validation Report</li>
        <li>Services and Support Plan</li>
        <li>Instructions for Use</li>
        <li>Post-Market Performance Follow-Up Plan</li>
        <li>Post-Market Performance Follow-Up Report</li>
        <li>Post-Market Surveillance Plan</li>
        <li>Post-Market Surveillance Report / Periodic Safety Update Report</li>
        <li>Software Development Plan</li>
        <li>Software Architecture Description</li>
        <li>Software Classification Worksheet</li>
        <li>Software Design Transfer Template</li>
        <li>Software Detailed Functional Design</li>
        <li>Software Detailed Technical Design</li>
        <li>Software Verification Plan</li>
        <li>Software Verification Protocol</li>
        <li>Software Verification Report</li>
        <li>Software Validation Plan</li>
        <li>Software Validation Protocol</li>
        <li>Software Validation Report</li>
        <li>Software Release Checklist</li>
        <li>Software Release Notes</li>
        <li>Device Master Record</li>
        <li>DHF and Medical Device File Index</li>
    </ol>"
